﻿<?xml version="1.0" encoding="utf-8"?><HelpTOCNode Title="VoiceDetector Methods" Url="html/64dae3c7-7632-3895-7fd3-7de0cf468998.htm"><HelpTOCNode Title="CanExecuteStartRecording Method " Url="html/5e6a948a-b9ed-e466-0028-43fbe1469c27.htm" /><HelpTOCNode Title="Capture_DataAvailable Method " Url="html/60c1d045-5ba6-7b22-596c-d22f993d4916.htm" /><HelpTOCNode Title="EnableLanguageModelAsync Method " Url="html/69379c7a-8a40-0179-e75a-29a09f0f058d.htm" /><HelpTOCNode Title="ExecuteInferenceFromFileAsync Method " Url="html/cd13292d-84b2-6c6b-da55-8aadc2bd5f8b.htm" /><HelpTOCNode Title="InitializeAudioCapture Method " Url="html/f50eafd5-34ab-95d3-172f-b263f1695410.htm" /><HelpTOCNode Title="LoadAvailableCaptureDevices Method " Url="html/f8cd1456-c9f9-15d5-3413-a9b300fda7d3.htm" /><HelpTOCNode Title="OnNewData Method " Url="html/4d474d8e-0b07-1e2b-18be-509d25c445bc.htm" /><HelpTOCNode Title="ReleaseCapture Method " Url="html/e8250bec-6085-1d7b-70c8-3add0eaa6971.htm" /><HelpTOCNode Title="StartRecording Method " Url="html/908fd9b9-e29c-20f8-c7a7-9aae053cf966.htm" /><HelpTOCNode Title="StopRecordingAsync Method " Url="html/ab11b1b2-f3b8-9d0c-b0dc-fbaed13545bb.htm" /><HelpTOCNode Title="UpdateSelectedDevice Method " Url="html/4bdfa835-e70e-fde2-9ef6-9067a98086e7.htm" /></HelpTOCNode>