﻿<?xml version="1.0" encoding="utf-8"?><HelpTOCNode Title="VoiceDetector Properties" Url="html/6905f698-e04a-56fa-c48c-43df2b85b63a.htm"><HelpTOCNode Title="AudioFilePath Property " Url="html/52433e3b-e9ea-70c3-d7b5-39f67b804cd3.htm" /><HelpTOCNode Title="AvailableRecordDevices Property " Url="html/0b8abc06-77bb-3aaa-c108-0a3598307a9c.htm" /><HelpTOCNode Title="EnableLanguageModelCommand Property " Url="html/18783406-3e62-f287-e914-c9f5a69b6dec.htm" /><HelpTOCNode Title="EnableStartRecord Property " Url="html/4e966f30-c653-6961-6013-3b1a5c51ce35.htm" /><HelpTOCNode Title="EnableStopRecord Property " Url="html/eeb860ab-363b-7823-71d3-5d4de0659831.htm" /><HelpTOCNode Title="InferenceFromFileCommand Property " Url="html/723c1662-a2af-3833-0463-5a1208dbb8c0.htm" /><HelpTOCNode Title="IsRunningInference Property " Url="html/7132de94-43ff-d049-73c6-87ffe0040260.htm" /><HelpTOCNode Title="LanguageModelEnabled Property " Url="html/16a3271b-1fd6-c545-995e-6a19a561d0db.htm" /><HelpTOCNode Title="SelectedDevice Property " Url="html/ba8e1804-d37f-de48-3f2f-6f78ad49387d.htm" /><HelpTOCNode Title="SelectFileCommand Property " Url="html/6c031bd0-f081-fc1f-341b-068000e83e73.htm" /><HelpTOCNode Title="StartRecordingCommand Property " Url="html/fc7b3292-80e5-38c6-7f15-725530251de2.htm" /><HelpTOCNode Title="StatusMessage Property " Url="html/2d0b01ec-7dc1-454d-fe20-28f27ebae1a2.htm" /><HelpTOCNode Title="StopRecordingCommand Property " Url="html/7295fc31-d60d-6beb-0eb4-69065ab60075.htm" /><HelpTOCNode Title="StreamingIsBusy Property " Url="html/3aa7cac3-29c0-4823-70ea-46f1094fcdb0.htm" /><HelpTOCNode Title="Transcription Property " Url="html/f86b76a3-79f0-e75b-821a-17277a2592aa.htm" /></HelpTOCNode>