﻿<?xml version="1.0" encoding="utf-8"?><HelpTOCNode Title="VoiceDetector Fields" Url="html/7a050ae8-e1d4-8159-79fd-17df055f5ee8.htm"><HelpTOCNode Title="_audioCapture Field" Url="html/1ce82ae8-40e4-1f6f-9384-8b93c9a4bf57.htm" /><HelpTOCNode Title="_audioFilePaht Field" Url="html/47252d2f-ad1d-e461-6595-c1097ce6972d.htm" /><HelpTOCNode Title="_bufferQueue Field" Url="html/c8e8a907-bc70-a195-ee3f-a90330acf8ec.htm" /><HelpTOCNode Title="_convertedSource Field" Url="html/268ca9e4-f903-ce68-6cab-cae18730243d.htm" /><HelpTOCNode Title="_deviceNames Field" Url="html/947e8176-8729-e165-e8c1-d60e07cdc5e7.htm" /><HelpTOCNode Title="_enableStartRecord Field" Url="html/22a5fa5e-00e5-2872-4d1a-3011d11805e9.htm" /><HelpTOCNode Title="_isRunningInference Field" Url="html/5b22c8e6-d81a-6b59-405a-11357bf21f85.htm" /><HelpTOCNode Title="_languageModelEnabled Field" Url="html/7c381ac3-3b4d-7315-20b5-d7ca595d1fd9.htm" /><HelpTOCNode Title="_selectedDevice Field" Url="html/329ee6ac-e76e-1351-e1b3-831d1c58c0e3.htm" /><HelpTOCNode Title="_soundInSource Field" Url="html/1375e618-2a3a-acc9-2e16-1434be6e40ec.htm" /><HelpTOCNode Title="_statusMessage Field" Url="html/bf6bbcdc-a3b1-afb1-a898-a73a161711e8.htm" /><HelpTOCNode Title="_stopRecordStopRecord Field" Url="html/26f33184-a639-6809-a478-6e9164f3d13c.htm" /><HelpTOCNode Title="_sttClient Field" Url="html/9998fe24-6831-3681-cb19-342bbd629aba.htm" /><HelpTOCNode Title="_threadSafeBoolBackValue Field" Url="html/4526348f-884f-fe68-ad54-13e402a9fcfd.htm" /><HelpTOCNode Title="_transcription Field" Url="html/49c8eaf9-6e37-d03d-da1c-06a3ee762c33.htm" /><HelpTOCNode Title="SampleRate Field" Url="html/42620837-8257-bc80-efbd-eaa34bb4e387.htm" /></HelpTOCNode>