﻿<?xml version="1.0" encoding="utf-8"?><HelpTOCNode Title="IPM_Project" Url="html/96abb290-38ec-d293-f3c0-a010165ef73e.htm"><HelpTOCNode Title="BindableBase Class" Url="html/fedf8d00-87b0-3f8c-2eec-b7e8112d83ee.htm" HasChildren="true" /><HelpTOCNode Title="CommandInterpreter Class" Url="html/8648568c-4094-4f1f-fa4b-013f0370fdd9.htm" HasChildren="true" /><HelpTOCNode Title="CommandType Enumeration" Url="html/5f1aa081-55fb-d722-cfce-cf0a7c0d8ee1.htm" /><HelpTOCNode Title="IPMVocal Class" Url="html/65633f0d-599b-06d8-7be1-55446027ef9f.htm" HasChildren="true" /><HelpTOCNode Title="JsonUtils Class" Url="html/d82ef062-3984-31eb-b25e-82ef9e7e85ae.htm" HasChildren="true" /><HelpTOCNode Title="PathsConfiguration Class" Url="html/8f40a809-0622-9346-cc56-5954377c4584.htm" HasChildren="true" /><HelpTOCNode Title="Program Class" Url="html/3c18822f-32b7-21b0-5a21-321200a49ded.htm" HasChildren="true" /><HelpTOCNode Title="RedisConfiguration Class" Url="html/d995660b-89e6-6486-3d45-93cca485f28a.htm" HasChildren="true" /><HelpTOCNode Title="RedisIntermediate Class" Url="html/63c38d30-0b05-242b-4746-24eef76e8ca1.htm" HasChildren="true" /><HelpTOCNode Title="VoiceDetector Class" Url="html/c4eadbd3-b1ac-471a-e00b-f9ab76790741.htm" HasChildren="true" /></HelpTOCNode>