﻿<?xml version="1.0" encoding="utf-8"?>
<HelpKI>
  <HelpKINode Title="AudioFilePath property" Url="html/52433e3b-e9ea-70c3-d7b5-39f67b804cd3.htm" />
  <HelpKINode Title="AvailableRecordDevices property" Url="html/0b8abc06-77bb-3aaa-c108-0a3598307a9c.htm" />
  <HelpKINode Title="BindableBase class">
    <HelpKINode Title="BindableBase Class" Url="html/fedf8d00-87b0-3f8c-2eec-b7e8112d83ee.htm" />
    <HelpKINode Title="constructor" Url="html/a4d7ddab-ceed-e84b-9f16-62f53c6adbf4.htm" />
    <HelpKINode Title="events" Url="html/f70f8544-a68e-43e6-842a-43860b034043.htm" />
    <HelpKINode Title="methods" Url="html/82356af2-e55b-cbdd-79d8-94bf0cbc7594.htm" />
  </HelpKINode>
  <HelpKINode Title="BindableBase.BindableBase constructor" Url="html/a4d7ddab-ceed-e84b-9f16-62f53c6adbf4.htm" />
  <HelpKINode Title="BindableBase.OnPropertyChanged method" Url="html/191ccd14-cddd-450d-679f-b5a8c9ca4543.htm" />
  <HelpKINode Title="BindableBase.PropertyChanged event" Url="html/234e284b-d581-73a4-0dfb-6db0d3ac9464.htm" />
  <HelpKINode Title="BindableBase.SetProperty(Of T) method" Url="html/1c9103e2-2435-6e76-7aec-33c014d3b36a.htm" />
  <HelpKINode Title="BindableBase.SetProperty&lt;T&gt; method" Url="html/1c9103e2-2435-6e76-7aec-33c014d3b36a.htm" />
  <HelpKINode Title="CanExecuteStartRecording method" Url="html/5e6a948a-b9ed-e466-0028-43fbe1469c27.htm" />
  <HelpKINode Title="Capture_DataAvailable method" Url="html/60c1d045-5ba6-7b22-596c-d22f993d4916.htm" />
  <HelpKINode Title="CommandInterpreter class">
    <HelpKINode Title="CommandInterpreter Class" Url="html/8648568c-4094-4f1f-fa4b-013f0370fdd9.htm" />
    <HelpKINode Title="constructor" Url="html/1849a4d4-8cc6-f041-8deb-5499bc4c7a95.htm" />
    <HelpKINode Title="fields" Url="html/715fbfbc-3b35-dd6b-1819-2cada0b1643e.htm" />
    <HelpKINode Title="methods" Url="html/c1831c62-144f-84c7-dcbc-1696bf4f2042.htm" />
  </HelpKINode>
  <HelpKINode Title="CommandInterpreter.CommandInterpreter constructor" Url="html/1849a4d4-8cc6-f041-8deb-5499bc4c7a95.htm" />
  <HelpKINode Title="CommandInterpreter.InterpretCommandKeywords method" Url="html/082c6091-165b-9f11-eef6-3fe852815a6f.htm" />
  <HelpKINode Title="CommandInterpreter.VoiceCommandString field" Url="html/e8e3586e-b180-d7f9-5583-bf8e7bd2aa12.htm" />
  <HelpKINode Title="CommandType enumeration" Url="html/5f1aa081-55fb-d722-cfce-cf0a7c0d8ee1.htm" />
  <HelpKINode Title="Comment enumeration member" Url="html/5f1aa081-55fb-d722-cfce-cf0a7c0d8ee1.htm" />
  <HelpKINode Title="DeepSpeechLMPath property" Url="html/b1e7a4bf-e316-2d56-dabc-c41d70fe53f1.htm" />
  <HelpKINode Title="DeepSpeechModelPath property" Url="html/1c34740f-80c0-ba42-393a-52b2aefa5901.htm" />
  <HelpKINode Title="DeepSpeechTriePath property" Url="html/9c557c06-a550-714d-e1d2-7f9a2dfe14f6.htm" />
  <HelpKINode Title="EnableLanguageModelAsync method" Url="html/69379c7a-8a40-0179-e75a-29a09f0f058d.htm" />
  <HelpKINode Title="EnableLanguageModelCommand property" Url="html/18783406-3e62-f287-e914-c9f5a69b6dec.htm" />
  <HelpKINode Title="EnableStartRecord property" Url="html/4e966f30-c653-6961-6013-3b1a5c51ce35.htm" />
  <HelpKINode Title="EnableStopRecord property" Url="html/eeb860ab-363b-7823-71d3-5d4de0659831.htm" />
  <HelpKINode Title="Error enumeration member" Url="html/5f1aa081-55fb-d722-cfce-cf0a7c0d8ee1.htm" />
  <HelpKINode Title="ExecuteInferenceFromFileAsync method" Url="html/cd13292d-84b2-6c6b-da55-8aadc2bd5f8b.htm" />
  <HelpKINode Title="GetInstance method">
    <HelpKINode Title="IPMVocal.GetInstance Method " Url="html/d1e1456d-821d-21b9-6b39-4608bad3d969.htm" />
    <HelpKINode Title="JsonUtils.GetInstance Method " Url="html/823f22d1-2cbe-d74b-aed8-a9964dda7508.htm" />
  </HelpKINode>
  <HelpKINode Title="InferenceFromFileCommand property" Url="html/723c1662-a2af-3833-0463-5a1208dbb8c0.htm" />
  <HelpKINode Title="InitializeAudioCapture method" Url="html/f50eafd5-34ab-95d3-172f-b263f1695410.htm" />
  <HelpKINode Title="InitializeDeepSpeech method" Url="html/9b3facc4-09d5-4313-3d38-fc20dcd36a4b.htm" />
  <HelpKINode Title="InitPathsJSONFile method" Url="html/a2f8c6ff-0014-68b5-c945-a9b2ce952787.htm" />
  <HelpKINode Title="InitRedisJSONFile method" Url="html/c8d35c13-6e56-a8fc-1578-2f8f08085752.htm" />
  <HelpKINode Title="InterpretCommandKeywords method" Url="html/082c6091-165b-9f11-eef6-3fe852815a6f.htm" />
  <HelpKINode Title="IPMVocal class">
    <HelpKINode Title="IPMVocal Class" Url="html/65633f0d-599b-06d8-7be1-55446027ef9f.htm" />
    <HelpKINode Title="constructor" Url="html/2f74376b-cf88-ae68-773d-28a43c9e3961.htm" />
    <HelpKINode Title="fields" Url="html/8d3d5105-9aae-f8c2-ded0-c2ce71b70a3e.htm" />
    <HelpKINode Title="methods" Url="html/959701e1-9ad7-a481-9b16-61c966533d22.htm" />
  </HelpKINode>
  <HelpKINode Title="IPMVocal.GetInstance method" Url="html/d1e1456d-821d-21b9-6b39-4608bad3d969.htm" />
  <HelpKINode Title="IPMVocal.InitializeDeepSpeech method" Url="html/9b3facc4-09d5-4313-3d38-fc20dcd36a4b.htm" />
  <HelpKINode Title="IPMVocal.IPMVocal constructor" Url="html/2f74376b-cf88-ae68-773d-28a43c9e3961.htm" />
  <HelpKINode Title="IPMVocal._commandInterpreter field" Url="html/b871b3fd-0126-b928-9fa8-4c6aab6bc301.htm" />
  <HelpKINode Title="IPMVocal._deepSpeechClient field" Url="html/d40146da-0526-c747-d942-1a5b24bee643.htm" />
  <HelpKINode Title="IPMVocal._instance field" Url="html/f41c26ad-d1f3-c78e-1194-1cc741f698e2.htm" />
  <HelpKINode Title="IPMVocal._redisIntermediate field" Url="html/05820778-28e2-28a7-2e2a-22e8776a36fd.htm" />
  <HelpKINode Title="IPMVocal._voiceDetector field" Url="html/a7732f90-70e0-32a6-36b5-8979224df127.htm" />
  <HelpKINode Title="IPM_Project namespace" Url="html/96abb290-38ec-d293-f3c0-a010165ef73e.htm" />
  <HelpKINode Title="IPM_Project.BindableBase class" Url="html/fedf8d00-87b0-3f8c-2eec-b7e8112d83ee.htm" />
  <HelpKINode Title="IPM_Project.CommandInterpreter class" Url="html/8648568c-4094-4f1f-fa4b-013f0370fdd9.htm" />
  <HelpKINode Title="IPM_Project.CommandType enumeration" Url="html/5f1aa081-55fb-d722-cfce-cf0a7c0d8ee1.htm" />
  <HelpKINode Title="IPM_Project.IPMVocal class" Url="html/65633f0d-599b-06d8-7be1-55446027ef9f.htm" />
  <HelpKINode Title="IPM_Project.JsonUtils class" Url="html/d82ef062-3984-31eb-b25e-82ef9e7e85ae.htm" />
  <HelpKINode Title="IPM_Project.PathsConfiguration class" Url="html/8f40a809-0622-9346-cc56-5954377c4584.htm" />
  <HelpKINode Title="IPM_Project.Program class" Url="html/3c18822f-32b7-21b0-5a21-321200a49ded.htm" />
  <HelpKINode Title="IPM_Project.RedisConfiguration class" Url="html/d995660b-89e6-6486-3d45-93cca485f28a.htm" />
  <HelpKINode Title="IPM_Project.RedisIntermediate class" Url="html/63c38d30-0b05-242b-4746-24eef76e8ca1.htm" />
  <HelpKINode Title="IPM_Project.VoiceDetector class" Url="html/c4eadbd3-b1ac-471a-e00b-f9ab76790741.htm" />
  <HelpKINode Title="IsRunningInference property" Url="html/7132de94-43ff-d049-73c6-87ffe0040260.htm" />
  <HelpKINode Title="JsonUtils class">
    <HelpKINode Title="JsonUtils Class" Url="html/d82ef062-3984-31eb-b25e-82ef9e7e85ae.htm" />
    <HelpKINode Title="constructor" Url="html/b0fdb649-3abe-5658-41d6-876b56ef4601.htm" />
    <HelpKINode Title="fields" Url="html/7988771c-bab1-b3fe-1d42-1860cfadf955.htm" />
    <HelpKINode Title="methods" Url="html/11b2fc54-a7b8-b183-bd29-602b51b85ca6.htm" />
  </HelpKINode>
  <HelpKINode Title="JsonUtils.GetInstance method" Url="html/823f22d1-2cbe-d74b-aed8-a9964dda7508.htm" />
  <HelpKINode Title="JsonUtils.InitPathsJSONFile method" Url="html/a2f8c6ff-0014-68b5-c945-a9b2ce952787.htm" />
  <HelpKINode Title="JsonUtils.InitRedisJSONFile method" Url="html/c8d35c13-6e56-a8fc-1578-2f8f08085752.htm" />
  <HelpKINode Title="JsonUtils.JsonUtils constructor" Url="html/b0fdb649-3abe-5658-41d6-876b56ef4601.htm" />
  <HelpKINode Title="JsonUtils.ReadPathsJSONData method" Url="html/9b6e48b9-a052-92cc-011c-ee538e9904f5.htm" />
  <HelpKINode Title="JsonUtils.ReadRedisJSONData method" Url="html/ad4e9255-f3c4-6d85-5b7a-eeb6739c7300.htm" />
  <HelpKINode Title="JsonUtils._dsModelPath field" Url="html/36836a8a-1206-1041-e5ad-033c7b257783.htm" />
  <HelpKINode Title="JsonUtils._instance field" Url="html/d8461b3b-dbad-b776-956e-fe06fbcf89ab.htm" />
  <HelpKINode Title="JsonUtils._lmPath field" Url="html/cfd8e7ef-6c23-beaf-99eb-a1da5b3573a3.htm" />
  <HelpKINode Title="JsonUtils._redisHost field" Url="html/9ab847a7-0dc1-bbe1-9417-b4ef1025cbec.htm" />
  <HelpKINode Title="JsonUtils._redisPassword field" Url="html/db456f65-5ee4-50a4-a74c-7dfa4a3967aa.htm" />
  <HelpKINode Title="JsonUtils._redisPort field" Url="html/4e1b4ae1-4132-6ca1-9cd0-ee488a8cf566.htm" />
  <HelpKINode Title="JsonUtils._triePath field" Url="html/5d15e7f4-d5e8-c700-8b55-c85d3a8c936e.htm" />
  <HelpKINode Title="LanguageModelEnabled property" Url="html/16a3271b-1fd6-c545-995e-6a19a561d0db.htm" />
  <HelpKINode Title="LoadAvailableCaptureDevices method" Url="html/f8cd1456-c9f9-15d5-3413-a9b300fda7d3.htm" />
  <HelpKINode Title="Main method" Url="html/13dfbd64-a93e-2f50-7fc7-ce1e395c1b6b.htm" />
  <HelpKINode Title="No enumeration member" Url="html/5f1aa081-55fb-d722-cfce-cf0a7c0d8ee1.htm" />
  <HelpKINode Title="OnNewData method" Url="html/4d474d8e-0b07-1e2b-18be-509d25c445bc.htm" />
  <HelpKINode Title="OnPropertyChanged method" Url="html/191ccd14-cddd-450d-679f-b5a8c9ca4543.htm" />
  <HelpKINode Title="PathsConfiguration class">
    <HelpKINode Title="PathsConfiguration Class" Url="html/8f40a809-0622-9346-cc56-5954377c4584.htm" />
    <HelpKINode Title="constructor" Url="html/8700349f-cc7f-709f-e9b9-d0c75125190f.htm" />
    <HelpKINode Title="properties" Url="html/d35d424a-1a8f-bf9b-f768-dae501a81564.htm" />
  </HelpKINode>
  <HelpKINode Title="PathsConfiguration.DeepSpeechLMPath property" Url="html/b1e7a4bf-e316-2d56-dabc-c41d70fe53f1.htm" />
  <HelpKINode Title="PathsConfiguration.DeepSpeechModelPath property" Url="html/1c34740f-80c0-ba42-393a-52b2aefa5901.htm" />
  <HelpKINode Title="PathsConfiguration.DeepSpeechTriePath property" Url="html/9c557c06-a550-714d-e1d2-7f9a2dfe14f6.htm" />
  <HelpKINode Title="PathsConfiguration.PathsConfiguration constructor" Url="html/8700349f-cc7f-709f-e9b9-d0c75125190f.htm" />
  <HelpKINode Title="Program class">
    <HelpKINode Title="Program Class" Url="html/3c18822f-32b7-21b0-5a21-321200a49ded.htm" />
    <HelpKINode Title="methods" Url="html/e85dadf9-db7b-a52c-71b2-6af753e40230.htm" />
  </HelpKINode>
  <HelpKINode Title="Program.Main method" Url="html/13dfbd64-a93e-2f50-7fc7-ce1e395c1b6b.htm" />
  <HelpKINode Title="PropertyChanged event" Url="html/234e284b-d581-73a4-0dfb-6db0d3ac9464.htm" />
  <HelpKINode Title="ReadPathsJSONData method" Url="html/9b6e48b9-a052-92cc-011c-ee538e9904f5.htm" />
  <HelpKINode Title="ReadRedisJSONData method" Url="html/ad4e9255-f3c4-6d85-5b7a-eeb6739c7300.htm" />
  <HelpKINode Title="RedisConfiguration class">
    <HelpKINode Title="RedisConfiguration Class" Url="html/d995660b-89e6-6486-3d45-93cca485f28a.htm" />
    <HelpKINode Title="constructor" Url="html/8c3b90f0-4298-7195-16ce-089ecff1c7d2.htm" />
    <HelpKINode Title="properties" Url="html/552e43be-52d9-4f69-f555-e52b6565378d.htm" />
  </HelpKINode>
  <HelpKINode Title="RedisConfiguration.RedisConfiguration constructor" Url="html/8c3b90f0-4298-7195-16ce-089ecff1c7d2.htm" />
  <HelpKINode Title="RedisConfiguration.RedisHost property" Url="html/57a9b7d5-1be8-2c2d-0e8c-a5a357c3c97b.htm" />
  <HelpKINode Title="RedisConfiguration.RedisPassword property" Url="html/6d77fb2d-2032-8ca2-2d75-ac216a114117.htm" />
  <HelpKINode Title="RedisConfiguration.RedisPort property" Url="html/f82d3e53-61c8-06d5-558b-f10c582624d3.htm" />
  <HelpKINode Title="RedisHost property" Url="html/57a9b7d5-1be8-2c2d-0e8c-a5a357c3c97b.htm" />
  <HelpKINode Title="RedisIntermediate class">
    <HelpKINode Title="RedisIntermediate Class" Url="html/63c38d30-0b05-242b-4746-24eef76e8ca1.htm" />
    <HelpKINode Title="constructor" Url="html/73949632-c05a-acdd-ba54-a5181588fa13.htm" />
    <HelpKINode Title="fields" Url="html/763aac41-6834-7254-1cb6-d9e44d8383f2.htm" />
    <HelpKINode Title="methods" Url="html/8dbc374d-a58e-13be-1c69-2df64089d765.htm" />
  </HelpKINode>
  <HelpKINode Title="RedisIntermediate.RedisIntermediate constructor" Url="html/73949632-c05a-acdd-ba54-a5181588fa13.htm" />
  <HelpKINode Title="RedisIntermediate.SendRequest method" Url="html/e4ad0ec6-bfae-e326-6cab-3bc99a5c2125.htm" />
  <HelpKINode Title="RedisIntermediate._muxer field" Url="html/f86f3863-0e63-4ef7-79b6-973ab8a2332d.htm" />
  <HelpKINode Title="RedisPassword property" Url="html/6d77fb2d-2032-8ca2-2d75-ac216a114117.htm" />
  <HelpKINode Title="RedisPort property" Url="html/f82d3e53-61c8-06d5-558b-f10c582624d3.htm" />
  <HelpKINode Title="ReleaseCapture method" Url="html/e8250bec-6085-1d7b-70c8-3add0eaa6971.htm" />
  <HelpKINode Title="SampleRate field" Url="html/42620837-8257-bc80-efbd-eaa34bb4e387.htm" />
  <HelpKINode Title="SelectedDevice property" Url="html/ba8e1804-d37f-de48-3f2f-6f78ad49387d.htm" />
  <HelpKINode Title="SelectFileCommand property" Url="html/6c031bd0-f081-fc1f-341b-068000e83e73.htm" />
  <HelpKINode Title="SendRequest method" Url="html/e4ad0ec6-bfae-e326-6cab-3bc99a5c2125.htm" />
  <HelpKINode Title="SetProperty(Of T) method" Url="html/1c9103e2-2435-6e76-7aec-33c014d3b36a.htm" />
  <HelpKINode Title="SetProperty&lt;T&gt; method" Url="html/1c9103e2-2435-6e76-7aec-33c014d3b36a.htm" />
  <HelpKINode Title="StartRecording method" Url="html/908fd9b9-e29c-20f8-c7a7-9aae053cf966.htm" />
  <HelpKINode Title="StartRecordingCommand property" Url="html/fc7b3292-80e5-38c6-7f15-725530251de2.htm" />
  <HelpKINode Title="StatusMessage property" Url="html/2d0b01ec-7dc1-454d-fe20-28f27ebae1a2.htm" />
  <HelpKINode Title="StopRecordingAsync method" Url="html/ab11b1b2-f3b8-9d0c-b0dc-fbaed13545bb.htm" />
  <HelpKINode Title="StopRecordingCommand property" Url="html/7295fc31-d60d-6beb-0eb4-69065ab60075.htm" />
  <HelpKINode Title="StreamingIsBusy property" Url="html/3aa7cac3-29c0-4823-70ea-46f1094fcdb0.htm" />
  <HelpKINode Title="Transcription property" Url="html/f86b76a3-79f0-e75b-821a-17277a2592aa.htm" />
  <HelpKINode Title="UpdateSelectedDevice method" Url="html/4bdfa835-e70e-fde2-9ef6-9067a98086e7.htm" />
  <HelpKINode Title="VoiceCommandString field" Url="html/e8e3586e-b180-d7f9-5583-bf8e7bd2aa12.htm" />
  <HelpKINode Title="VoiceDetector class">
    <HelpKINode Title="VoiceDetector Class" Url="html/c4eadbd3-b1ac-471a-e00b-f9ab76790741.htm" />
    <HelpKINode Title="constructor" Url="html/fe4b270a-a2d9-9df0-a5e9-f7891828b65d.htm" />
    <HelpKINode Title="events" Url="html/c2bc10a5-f1f2-fb84-ed8a-37c37f967530.htm" />
    <HelpKINode Title="fields" Url="html/7a050ae8-e1d4-8159-79fd-17df055f5ee8.htm" />
    <HelpKINode Title="methods" Url="html/64dae3c7-7632-3895-7fd3-7de0cf468998.htm" />
    <HelpKINode Title="properties" Url="html/6905f698-e04a-56fa-c48c-43df2b85b63a.htm" />
  </HelpKINode>
  <HelpKINode Title="VoiceDetector.AudioFilePath property" Url="html/52433e3b-e9ea-70c3-d7b5-39f67b804cd3.htm" />
  <HelpKINode Title="VoiceDetector.AvailableRecordDevices property" Url="html/0b8abc06-77bb-3aaa-c108-0a3598307a9c.htm" />
  <HelpKINode Title="VoiceDetector.CanExecuteStartRecording method" Url="html/5e6a948a-b9ed-e466-0028-43fbe1469c27.htm" />
  <HelpKINode Title="VoiceDetector.Capture_DataAvailable method" Url="html/60c1d045-5ba6-7b22-596c-d22f993d4916.htm" />
  <HelpKINode Title="VoiceDetector.EnableLanguageModelAsync method" Url="html/69379c7a-8a40-0179-e75a-29a09f0f058d.htm" />
  <HelpKINode Title="VoiceDetector.EnableLanguageModelCommand property" Url="html/18783406-3e62-f287-e914-c9f5a69b6dec.htm" />
  <HelpKINode Title="VoiceDetector.EnableStartRecord property" Url="html/4e966f30-c653-6961-6013-3b1a5c51ce35.htm" />
  <HelpKINode Title="VoiceDetector.EnableStopRecord property" Url="html/eeb860ab-363b-7823-71d3-5d4de0659831.htm" />
  <HelpKINode Title="VoiceDetector.ExecuteInferenceFromFileAsync method" Url="html/cd13292d-84b2-6c6b-da55-8aadc2bd5f8b.htm" />
  <HelpKINode Title="VoiceDetector.InferenceFromFileCommand property" Url="html/723c1662-a2af-3833-0463-5a1208dbb8c0.htm" />
  <HelpKINode Title="VoiceDetector.InitializeAudioCapture method" Url="html/f50eafd5-34ab-95d3-172f-b263f1695410.htm" />
  <HelpKINode Title="VoiceDetector.IsRunningInference property" Url="html/7132de94-43ff-d049-73c6-87ffe0040260.htm" />
  <HelpKINode Title="VoiceDetector.LanguageModelEnabled property" Url="html/16a3271b-1fd6-c545-995e-6a19a561d0db.htm" />
  <HelpKINode Title="VoiceDetector.LoadAvailableCaptureDevices method" Url="html/f8cd1456-c9f9-15d5-3413-a9b300fda7d3.htm" />
  <HelpKINode Title="VoiceDetector.OnNewData method" Url="html/4d474d8e-0b07-1e2b-18be-509d25c445bc.htm" />
  <HelpKINode Title="VoiceDetector.ReleaseCapture method" Url="html/e8250bec-6085-1d7b-70c8-3add0eaa6971.htm" />
  <HelpKINode Title="VoiceDetector.SampleRate field" Url="html/42620837-8257-bc80-efbd-eaa34bb4e387.htm" />
  <HelpKINode Title="VoiceDetector.SelectedDevice property" Url="html/ba8e1804-d37f-de48-3f2f-6f78ad49387d.htm" />
  <HelpKINode Title="VoiceDetector.SelectFileCommand property" Url="html/6c031bd0-f081-fc1f-341b-068000e83e73.htm" />
  <HelpKINode Title="VoiceDetector.StartRecording method" Url="html/908fd9b9-e29c-20f8-c7a7-9aae053cf966.htm" />
  <HelpKINode Title="VoiceDetector.StartRecordingCommand property" Url="html/fc7b3292-80e5-38c6-7f15-725530251de2.htm" />
  <HelpKINode Title="VoiceDetector.StatusMessage property" Url="html/2d0b01ec-7dc1-454d-fe20-28f27ebae1a2.htm" />
  <HelpKINode Title="VoiceDetector.StopRecordingAsync method" Url="html/ab11b1b2-f3b8-9d0c-b0dc-fbaed13545bb.htm" />
  <HelpKINode Title="VoiceDetector.StopRecordingCommand property" Url="html/7295fc31-d60d-6beb-0eb4-69065ab60075.htm" />
  <HelpKINode Title="VoiceDetector.StreamingIsBusy property" Url="html/3aa7cac3-29c0-4823-70ea-46f1094fcdb0.htm" />
  <HelpKINode Title="VoiceDetector.Transcription property" Url="html/f86b76a3-79f0-e75b-821a-17277a2592aa.htm" />
  <HelpKINode Title="VoiceDetector.UpdateSelectedDevice method" Url="html/4bdfa835-e70e-fde2-9ef6-9067a98086e7.htm" />
  <HelpKINode Title="VoiceDetector.VoiceDetector constructor" Url="html/fe4b270a-a2d9-9df0-a5e9-f7891828b65d.htm" />
  <HelpKINode Title="VoiceDetector._audioCapture field" Url="html/1ce82ae8-40e4-1f6f-9384-8b93c9a4bf57.htm" />
  <HelpKINode Title="VoiceDetector._audioFilePaht field" Url="html/47252d2f-ad1d-e461-6595-c1097ce6972d.htm" />
  <HelpKINode Title="VoiceDetector._bufferQueue field" Url="html/c8e8a907-bc70-a195-ee3f-a90330acf8ec.htm" />
  <HelpKINode Title="VoiceDetector._convertedSource field" Url="html/268ca9e4-f903-ce68-6cab-cae18730243d.htm" />
  <HelpKINode Title="VoiceDetector._deviceNames field" Url="html/947e8176-8729-e165-e8c1-d60e07cdc5e7.htm" />
  <HelpKINode Title="VoiceDetector._enableStartRecord field" Url="html/22a5fa5e-00e5-2872-4d1a-3011d11805e9.htm" />
  <HelpKINode Title="VoiceDetector._isRunningInference field" Url="html/5b22c8e6-d81a-6b59-405a-11357bf21f85.htm" />
  <HelpKINode Title="VoiceDetector._languageModelEnabled field" Url="html/7c381ac3-3b4d-7315-20b5-d7ca595d1fd9.htm" />
  <HelpKINode Title="VoiceDetector._selectedDevice field" Url="html/329ee6ac-e76e-1351-e1b3-831d1c58c0e3.htm" />
  <HelpKINode Title="VoiceDetector._soundInSource field" Url="html/1375e618-2a3a-acc9-2e16-1434be6e40ec.htm" />
  <HelpKINode Title="VoiceDetector._statusMessage field" Url="html/bf6bbcdc-a3b1-afb1-a898-a73a161711e8.htm" />
  <HelpKINode Title="VoiceDetector._stopRecordStopRecord field" Url="html/26f33184-a639-6809-a478-6e9164f3d13c.htm" />
  <HelpKINode Title="VoiceDetector._sttClient field" Url="html/9998fe24-6831-3681-cb19-342bbd629aba.htm" />
  <HelpKINode Title="VoiceDetector._threadSafeBoolBackValue field" Url="html/4526348f-884f-fe68-ad54-13e402a9fcfd.htm" />
  <HelpKINode Title="VoiceDetector._transcription field" Url="html/49c8eaf9-6e37-d03d-da1c-06a3ee762c33.htm" />
  <HelpKINode Title="Yes enumeration member" Url="html/5f1aa081-55fb-d722-cfce-cf0a7c0d8ee1.htm" />
  <HelpKINode Title="_audioCapture field" Url="html/1ce82ae8-40e4-1f6f-9384-8b93c9a4bf57.htm" />
  <HelpKINode Title="_audioFilePaht field" Url="html/47252d2f-ad1d-e461-6595-c1097ce6972d.htm" />
  <HelpKINode Title="_bufferQueue field" Url="html/c8e8a907-bc70-a195-ee3f-a90330acf8ec.htm" />
  <HelpKINode Title="_commandInterpreter field" Url="html/b871b3fd-0126-b928-9fa8-4c6aab6bc301.htm" />
  <HelpKINode Title="_convertedSource field" Url="html/268ca9e4-f903-ce68-6cab-cae18730243d.htm" />
  <HelpKINode Title="_deepSpeechClient field" Url="html/d40146da-0526-c747-d942-1a5b24bee643.htm" />
  <HelpKINode Title="_deviceNames field" Url="html/947e8176-8729-e165-e8c1-d60e07cdc5e7.htm" />
  <HelpKINode Title="_dsModelPath field" Url="html/36836a8a-1206-1041-e5ad-033c7b257783.htm" />
  <HelpKINode Title="_enableStartRecord field" Url="html/22a5fa5e-00e5-2872-4d1a-3011d11805e9.htm" />
  <HelpKINode Title="_instance field">
    <HelpKINode Title="IPMVocal._instance Field" Url="html/f41c26ad-d1f3-c78e-1194-1cc741f698e2.htm" />
    <HelpKINode Title="JsonUtils._instance Field" Url="html/d8461b3b-dbad-b776-956e-fe06fbcf89ab.htm" />
  </HelpKINode>
  <HelpKINode Title="_isRunningInference field" Url="html/5b22c8e6-d81a-6b59-405a-11357bf21f85.htm" />
  <HelpKINode Title="_languageModelEnabled field" Url="html/7c381ac3-3b4d-7315-20b5-d7ca595d1fd9.htm" />
  <HelpKINode Title="_lmPath field" Url="html/cfd8e7ef-6c23-beaf-99eb-a1da5b3573a3.htm" />
  <HelpKINode Title="_muxer field" Url="html/f86f3863-0e63-4ef7-79b6-973ab8a2332d.htm" />
  <HelpKINode Title="_redisHost field" Url="html/9ab847a7-0dc1-bbe1-9417-b4ef1025cbec.htm" />
  <HelpKINode Title="_redisIntermediate field" Url="html/05820778-28e2-28a7-2e2a-22e8776a36fd.htm" />
  <HelpKINode Title="_redisPassword field" Url="html/db456f65-5ee4-50a4-a74c-7dfa4a3967aa.htm" />
  <HelpKINode Title="_redisPort field" Url="html/4e1b4ae1-4132-6ca1-9cd0-ee488a8cf566.htm" />
  <HelpKINode Title="_selectedDevice field" Url="html/329ee6ac-e76e-1351-e1b3-831d1c58c0e3.htm" />
  <HelpKINode Title="_soundInSource field" Url="html/1375e618-2a3a-acc9-2e16-1434be6e40ec.htm" />
  <HelpKINode Title="_statusMessage field" Url="html/bf6bbcdc-a3b1-afb1-a898-a73a161711e8.htm" />
  <HelpKINode Title="_stopRecordStopRecord field" Url="html/26f33184-a639-6809-a478-6e9164f3d13c.htm" />
  <HelpKINode Title="_sttClient field" Url="html/9998fe24-6831-3681-cb19-342bbd629aba.htm" />
  <HelpKINode Title="_threadSafeBoolBackValue field" Url="html/4526348f-884f-fe68-ad54-13e402a9fcfd.htm" />
  <HelpKINode Title="_transcription field" Url="html/49c8eaf9-6e37-d03d-da1c-06a3ee762c33.htm" />
  <HelpKINode Title="_triePath field" Url="html/5d15e7f4-d5e8-c700-8b55-c85d3a8c936e.htm" />
  <HelpKINode Title="_voiceDetector field" Url="html/a7732f90-70e0-32a6-36b5-8979224df127.htm" />
</HelpKI>
