﻿<?xml version="1.0" encoding="utf-8"?>
<HelpTOC>

  <HelpTOCNode Id="74df8481-d0ca-4655-8200-ed9a485f7010" Title="IPM_Project" Url="html/96abb290-38ec-d293-f3c0-a010165ef73e.htm">
    <HelpTOCNode Id="0de836b6-bce8-4e6e-b9d7-f838812ce428" Title="BindableBase Class" Url="html/fedf8d00-87b0-3f8c-2eec-b7e8112d83ee.htm">
      <HelpTOCNode Title="BindableBase Constructor " Url="html/a4d7ddab-ceed-e84b-9f16-62f53c6adbf4.htm" />
      <HelpTOCNode Id="0a453d5e-2d0a-4d53-be56-cdb611387a13" Title="BindableBase Methods" Url="html/82356af2-e55b-cbdd-79d8-94bf0cbc7594.htm">
        <HelpTOCNode Title="OnPropertyChanged Method " Url="html/191ccd14-cddd-450d-679f-b5a8c9ca4543.htm" />
        <HelpTOCNode Title="SetProperty(T) Method " Url="html/1c9103e2-2435-6e76-7aec-33c014d3b36a.htm" />
      </HelpTOCNode>
      <HelpTOCNode Id="a8ac10e6-926e-4269-9add-9e07ec85105f" Title="BindableBase Events" Url="html/f70f8544-a68e-43e6-842a-43860b034043.htm">
        <HelpTOCNode Title="PropertyChanged Event" Url="html/234e284b-d581-73a4-0dfb-6db0d3ac9464.htm" />
      </HelpTOCNode>
    </HelpTOCNode>
    <HelpTOCNode Id="18630b3f-351e-4f51-adae-3c68e153ffd1" Title="CommandInterpreter Class" Url="html/8648568c-4094-4f1f-fa4b-013f0370fdd9.htm">
      <HelpTOCNode Id="a343d0ff-0b80-4cac-af0e-d6bb53e846bb" Title="CommandInterpreter Constructor " Url="html/1849a4d4-8cc6-f041-8deb-5499bc4c7a95.htm">
        <HelpTOCNode Title="CommandInterpreter Constructor " Url="html/6f2d0b7b-05a9-07a0-6b63-9a67a5fd119d.htm" />
        <HelpTOCNode Title="CommandInterpreter Constructor (String)" Url="html/2fe93e50-54b5-cd33-7630-0167ca3f3d08.htm" />
      </HelpTOCNode>
      <HelpTOCNode Id="5af2a67d-40d4-4453-8ab9-c015818c4a6e" Title="CommandInterpreter Methods" Url="html/c1831c62-144f-84c7-dcbc-1696bf4f2042.htm">
        <HelpTOCNode Title="InterpretCommandKeywords Method " Url="html/082c6091-165b-9f11-eef6-3fe852815a6f.htm" />
      </HelpTOCNode>
      <HelpTOCNode Id="b8c50b04-19dd-43b0-b2b9-26f254627733" Title="CommandInterpreter Fields" Url="html/715fbfbc-3b35-dd6b-1819-2cada0b1643e.htm">
        <HelpTOCNode Title="VoiceCommandString Field" Url="html/e8e3586e-b180-d7f9-5583-bf8e7bd2aa12.htm" />
      </HelpTOCNode>
    </HelpTOCNode>
    <HelpTOCNode Title="CommandType Enumeration" Url="html/5f1aa081-55fb-d722-cfce-cf0a7c0d8ee1.htm" />
    <HelpTOCNode Id="52ae22dc-aa32-496a-b845-3461ea720e33" Title="IPMVocal Class" Url="html/65633f0d-599b-06d8-7be1-55446027ef9f.htm">
      <HelpTOCNode Title="IPMVocal Constructor " Url="html/2f74376b-cf88-ae68-773d-28a43c9e3961.htm" />
      <HelpTOCNode Id="6edf6c0a-69e8-447f-9371-2ca281dc5716" Title="IPMVocal Methods" Url="html/959701e1-9ad7-a481-9b16-61c966533d22.htm">
        <HelpTOCNode Title="GetInstance Method " Url="html/d1e1456d-821d-21b9-6b39-4608bad3d969.htm" />
        <HelpTOCNode Title="InitializeDeepSpeech Method " Url="html/9b3facc4-09d5-4313-3d38-fc20dcd36a4b.htm" />
      </HelpTOCNode>
      <HelpTOCNode Id="1741283a-94bd-40ce-a151-72decd1af04e" Title="IPMVocal Fields" Url="html/8d3d5105-9aae-f8c2-ded0-c2ce71b70a3e.htm">
        <HelpTOCNode Title="_commandInterpreter Field" Url="html/b871b3fd-0126-b928-9fa8-4c6aab6bc301.htm" />
        <HelpTOCNode Title="_deepSpeechClient Field" Url="html/d40146da-0526-c747-d942-1a5b24bee643.htm" />
        <HelpTOCNode Title="_instance Field" Url="html/f41c26ad-d1f3-c78e-1194-1cc741f698e2.htm" />
        <HelpTOCNode Title="_redisIntermediate Field" Url="html/05820778-28e2-28a7-2e2a-22e8776a36fd.htm" />
        <HelpTOCNode Title="_voiceDetector Field" Url="html/a7732f90-70e0-32a6-36b5-8979224df127.htm" />
      </HelpTOCNode>
    </HelpTOCNode>
    <HelpTOCNode Id="46622bca-30ca-4ac0-8c08-2ed0e2d29dfa" Title="JsonUtils Class" Url="html/d82ef062-3984-31eb-b25e-82ef9e7e85ae.htm">
      <HelpTOCNode Title="JsonUtils Constructor " Url="html/b0fdb649-3abe-5658-41d6-876b56ef4601.htm" />
      <HelpTOCNode Id="5e04fde3-3832-4979-b90b-7e27a8aefb16" Title="JsonUtils Methods" Url="html/11b2fc54-a7b8-b183-bd29-602b51b85ca6.htm">
        <HelpTOCNode Title="GetInstance Method " Url="html/823f22d1-2cbe-d74b-aed8-a9964dda7508.htm" />
        <HelpTOCNode Title="InitPathsJSONFile Method " Url="html/a2f8c6ff-0014-68b5-c945-a9b2ce952787.htm" />
        <HelpTOCNode Title="InitRedisJSONFile Method " Url="html/c8d35c13-6e56-a8fc-1578-2f8f08085752.htm" />
        <HelpTOCNode Title="ReadPathsJSONData Method " Url="html/9b6e48b9-a052-92cc-011c-ee538e9904f5.htm" />
        <HelpTOCNode Title="ReadRedisJSONData Method " Url="html/ad4e9255-f3c4-6d85-5b7a-eeb6739c7300.htm" />
      </HelpTOCNode>
      <HelpTOCNode Id="f17cbec6-7942-4730-9609-18fe9c3dc23f" Title="JsonUtils Fields" Url="html/7988771c-bab1-b3fe-1d42-1860cfadf955.htm">
        <HelpTOCNode Title="_dsModelPath Field" Url="html/36836a8a-1206-1041-e5ad-033c7b257783.htm" />
        <HelpTOCNode Title="_instance Field" Url="html/d8461b3b-dbad-b776-956e-fe06fbcf89ab.htm" />
        <HelpTOCNode Title="_lmPath Field" Url="html/cfd8e7ef-6c23-beaf-99eb-a1da5b3573a3.htm" />
        <HelpTOCNode Title="_redisHost Field" Url="html/9ab847a7-0dc1-bbe1-9417-b4ef1025cbec.htm" />
        <HelpTOCNode Title="_redisPassword Field" Url="html/db456f65-5ee4-50a4-a74c-7dfa4a3967aa.htm" />
        <HelpTOCNode Title="_redisPort Field" Url="html/4e1b4ae1-4132-6ca1-9cd0-ee488a8cf566.htm" />
        <HelpTOCNode Title="_triePath Field" Url="html/5d15e7f4-d5e8-c700-8b55-c85d3a8c936e.htm" />
      </HelpTOCNode>
    </HelpTOCNode>
    <HelpTOCNode Id="300b0d3b-545a-4bde-a760-1c51ff24277f" Title="PathsConfiguration Class" Url="html/8f40a809-0622-9346-cc56-5954377c4584.htm">
      <HelpTOCNode Title="PathsConfiguration Constructor " Url="html/8700349f-cc7f-709f-e9b9-d0c75125190f.htm" />
      <HelpTOCNode Id="8b1c0fd5-b095-414c-ad45-51d21759e3e0" Title="PathsConfiguration Properties" Url="html/d35d424a-1a8f-bf9b-f768-dae501a81564.htm">
        <HelpTOCNode Title="DeepSpeechLMPath Property " Url="html/b1e7a4bf-e316-2d56-dabc-c41d70fe53f1.htm" />
        <HelpTOCNode Title="DeepSpeechModelPath Property " Url="html/1c34740f-80c0-ba42-393a-52b2aefa5901.htm" />
        <HelpTOCNode Title="DeepSpeechTriePath Property " Url="html/9c557c06-a550-714d-e1d2-7f9a2dfe14f6.htm" />
      </HelpTOCNode>
    </HelpTOCNode>
    <HelpTOCNode Id="f94eeed9-0c6e-4bac-afe9-48ac0bc28587" Title="Program Class" Url="html/3c18822f-32b7-21b0-5a21-321200a49ded.htm">
      <HelpTOCNode Id="ff46ffb8-f66a-40c2-9971-d3083cf51156" Title="Program Methods" Url="html/e85dadf9-db7b-a52c-71b2-6af753e40230.htm">
        <HelpTOCNode Title="Main Method " Url="html/13dfbd64-a93e-2f50-7fc7-ce1e395c1b6b.htm" />
      </HelpTOCNode>
    </HelpTOCNode>
    <HelpTOCNode Id="05963917-8e2a-42c2-8b25-7dbcfe13bf1e" Title="RedisConfiguration Class" Url="html/d995660b-89e6-6486-3d45-93cca485f28a.htm">
      <HelpTOCNode Title="RedisConfiguration Constructor " Url="html/8c3b90f0-4298-7195-16ce-089ecff1c7d2.htm" />
      <HelpTOCNode Id="d6ff02ef-4cbf-4732-bda1-a3525baaeb7a" Title="RedisConfiguration Properties" Url="html/552e43be-52d9-4f69-f555-e52b6565378d.htm">
        <HelpTOCNode Title="RedisHost Property " Url="html/57a9b7d5-1be8-2c2d-0e8c-a5a357c3c97b.htm" />
        <HelpTOCNode Title="RedisPassword Property " Url="html/6d77fb2d-2032-8ca2-2d75-ac216a114117.htm" />
        <HelpTOCNode Title="RedisPort Property " Url="html/f82d3e53-61c8-06d5-558b-f10c582624d3.htm" />
      </HelpTOCNode>
    </HelpTOCNode>
    <HelpTOCNode Id="212b6ad4-1366-4e03-a659-8cd062c8565c" Title="RedisIntermediate Class" Url="html/63c38d30-0b05-242b-4746-24eef76e8ca1.htm">
      <HelpTOCNode Title="RedisIntermediate Constructor " Url="html/73949632-c05a-acdd-ba54-a5181588fa13.htm" />
      <HelpTOCNode Id="929c4499-6dd7-4ffd-b5e7-8574e988f16e" Title="RedisIntermediate Methods" Url="html/8dbc374d-a58e-13be-1c69-2df64089d765.htm">
        <HelpTOCNode Title="SendRequest Method " Url="html/e4ad0ec6-bfae-e326-6cab-3bc99a5c2125.htm" />
      </HelpTOCNode>
      <HelpTOCNode Id="befbec28-be8e-492b-90aa-c4fd0e867bcf" Title="RedisIntermediate Fields" Url="html/763aac41-6834-7254-1cb6-d9e44d8383f2.htm">
        <HelpTOCNode Title="_muxer Field" Url="html/f86f3863-0e63-4ef7-79b6-973ab8a2332d.htm" />
      </HelpTOCNode>
    </HelpTOCNode>
    <HelpTOCNode Id="dfdc6ae4-83f8-4581-9131-36a3300ce9d8" Title="VoiceDetector Class" Url="html/c4eadbd3-b1ac-471a-e00b-f9ab76790741.htm">
      <HelpTOCNode Title="VoiceDetector Constructor " Url="html/fe4b270a-a2d9-9df0-a5e9-f7891828b65d.htm" />
      <HelpTOCNode Id="179f7a61-0067-46e3-b755-e7e5b2dfc742" Title="VoiceDetector Properties" Url="html/6905f698-e04a-56fa-c48c-43df2b85b63a.htm">
        <HelpTOCNode Title="AudioFilePath Property " Url="html/52433e3b-e9ea-70c3-d7b5-39f67b804cd3.htm" />
        <HelpTOCNode Title="AvailableRecordDevices Property " Url="html/0b8abc06-77bb-3aaa-c108-0a3598307a9c.htm" />
        <HelpTOCNode Title="EnableLanguageModelCommand Property " Url="html/18783406-3e62-f287-e914-c9f5a69b6dec.htm" />
        <HelpTOCNode Title="EnableStartRecord Property " Url="html/4e966f30-c653-6961-6013-3b1a5c51ce35.htm" />
        <HelpTOCNode Title="EnableStopRecord Property " Url="html/eeb860ab-363b-7823-71d3-5d4de0659831.htm" />
        <HelpTOCNode Title="InferenceFromFileCommand Property " Url="html/723c1662-a2af-3833-0463-5a1208dbb8c0.htm" />
        <HelpTOCNode Title="IsRunningInference Property " Url="html/7132de94-43ff-d049-73c6-87ffe0040260.htm" />
        <HelpTOCNode Title="LanguageModelEnabled Property " Url="html/16a3271b-1fd6-c545-995e-6a19a561d0db.htm" />
        <HelpTOCNode Title="SelectedDevice Property " Url="html/ba8e1804-d37f-de48-3f2f-6f78ad49387d.htm" />
        <HelpTOCNode Title="SelectFileCommand Property " Url="html/6c031bd0-f081-fc1f-341b-068000e83e73.htm" />
        <HelpTOCNode Title="StartRecordingCommand Property " Url="html/fc7b3292-80e5-38c6-7f15-725530251de2.htm" />
        <HelpTOCNode Title="StatusMessage Property " Url="html/2d0b01ec-7dc1-454d-fe20-28f27ebae1a2.htm" />
        <HelpTOCNode Title="StopRecordingCommand Property " Url="html/7295fc31-d60d-6beb-0eb4-69065ab60075.htm" />
        <HelpTOCNode Title="StreamingIsBusy Property " Url="html/3aa7cac3-29c0-4823-70ea-46f1094fcdb0.htm" />
        <HelpTOCNode Title="Transcription Property " Url="html/f86b76a3-79f0-e75b-821a-17277a2592aa.htm" />
      </HelpTOCNode>
      <HelpTOCNode Id="59424de2-f85d-4dd7-8563-1cd17bfd015d" Title="VoiceDetector Methods" Url="html/64dae3c7-7632-3895-7fd3-7de0cf468998.htm">
        <HelpTOCNode Title="CanExecuteStartRecording Method " Url="html/5e6a948a-b9ed-e466-0028-43fbe1469c27.htm" />
        <HelpTOCNode Title="Capture_DataAvailable Method " Url="html/60c1d045-5ba6-7b22-596c-d22f993d4916.htm" />
        <HelpTOCNode Title="EnableLanguageModelAsync Method " Url="html/69379c7a-8a40-0179-e75a-29a09f0f058d.htm" />
        <HelpTOCNode Title="ExecuteInferenceFromFileAsync Method " Url="html/cd13292d-84b2-6c6b-da55-8aadc2bd5f8b.htm" />
        <HelpTOCNode Title="InitializeAudioCapture Method " Url="html/f50eafd5-34ab-95d3-172f-b263f1695410.htm" />
        <HelpTOCNode Title="LoadAvailableCaptureDevices Method " Url="html/f8cd1456-c9f9-15d5-3413-a9b300fda7d3.htm" />
        <HelpTOCNode Title="OnNewData Method " Url="html/4d474d8e-0b07-1e2b-18be-509d25c445bc.htm" />
        <HelpTOCNode Title="ReleaseCapture Method " Url="html/e8250bec-6085-1d7b-70c8-3add0eaa6971.htm" />
        <HelpTOCNode Title="StartRecording Method " Url="html/908fd9b9-e29c-20f8-c7a7-9aae053cf966.htm" />
        <HelpTOCNode Title="StopRecordingAsync Method " Url="html/ab11b1b2-f3b8-9d0c-b0dc-fbaed13545bb.htm" />
        <HelpTOCNode Title="UpdateSelectedDevice Method " Url="html/4bdfa835-e70e-fde2-9ef6-9067a98086e7.htm" />
      </HelpTOCNode>
      <HelpTOCNode Title="VoiceDetector Events" Url="html/c2bc10a5-f1f2-fb84-ed8a-37c37f967530.htm" />
      <HelpTOCNode Id="41bd6a51-6172-493c-8e53-8d2d830eaeba" Title="VoiceDetector Fields" Url="html/7a050ae8-e1d4-8159-79fd-17df055f5ee8.htm">
        <HelpTOCNode Title="_audioCapture Field" Url="html/1ce82ae8-40e4-1f6f-9384-8b93c9a4bf57.htm" />
        <HelpTOCNode Title="_audioFilePaht Field" Url="html/47252d2f-ad1d-e461-6595-c1097ce6972d.htm" />
        <HelpTOCNode Title="_bufferQueue Field" Url="html/c8e8a907-bc70-a195-ee3f-a90330acf8ec.htm" />
        <HelpTOCNode Title="_convertedSource Field" Url="html/268ca9e4-f903-ce68-6cab-cae18730243d.htm" />
        <HelpTOCNode Title="_deviceNames Field" Url="html/947e8176-8729-e165-e8c1-d60e07cdc5e7.htm" />
        <HelpTOCNode Title="_enableStartRecord Field" Url="html/22a5fa5e-00e5-2872-4d1a-3011d11805e9.htm" />
        <HelpTOCNode Title="_isRunningInference Field" Url="html/5b22c8e6-d81a-6b59-405a-11357bf21f85.htm" />
        <HelpTOCNode Title="_languageModelEnabled Field" Url="html/7c381ac3-3b4d-7315-20b5-d7ca595d1fd9.htm" />
        <HelpTOCNode Title="_selectedDevice Field" Url="html/329ee6ac-e76e-1351-e1b3-831d1c58c0e3.htm" />
        <HelpTOCNode Title="_soundInSource Field" Url="html/1375e618-2a3a-acc9-2e16-1434be6e40ec.htm" />
        <HelpTOCNode Title="_statusMessage Field" Url="html/bf6bbcdc-a3b1-afb1-a898-a73a161711e8.htm" />
        <HelpTOCNode Title="_stopRecordStopRecord Field" Url="html/26f33184-a639-6809-a478-6e9164f3d13c.htm" />
        <HelpTOCNode Title="_sttClient Field" Url="html/9998fe24-6831-3681-cb19-342bbd629aba.htm" />
        <HelpTOCNode Title="_threadSafeBoolBackValue Field" Url="html/4526348f-884f-fe68-ad54-13e402a9fcfd.htm" />
        <HelpTOCNode Title="_transcription Field" Url="html/49c8eaf9-6e37-d03d-da1c-06a3ee762c33.htm" />
        <HelpTOCNode Title="SampleRate Field" Url="html/42620837-8257-bc80-efbd-eaa34bb4e387.htm" />
      </HelpTOCNode>
    </HelpTOCNode>
  </HelpTOCNode>
</HelpTOC>
